{
  "ffa85077-de9a-4777-9033-47b061695111": {
    "messages": [],
    "created_at": 1744212369.8583732,
    "last_active": 1744212515.5259192,
    "context": null
  },
  "3b591313-0db9-441d-9bdb-f8f26c7e33a8": {
    "messages": [],
    "created_at": 1744212851.2716415,
    "last_active": 1744212851.2716415,
    "context": null
  }
}